[{"model": "altdex.index", "pk": 4, "fields": {"name": "AltDex100", "divisor": "4214178454.5000000000000000000000000"}}, {"model": "altdex.coin", "pk": 98, "fields": {"name": "Bitcoin", "symbol": "BTC", "api": "CryptoCompare", "coin_marketcap_id": 0, "indices": [4]}}, {"model": "altdex.coin", "pk": 99, "fields": {"name": "Ethereum", "symbol": "ETH", "api": "CryptoCompare", "coin_marketcap_id": 0, "indices": [4]}}, {"model": "altdex.coin", "pk": 100, "fields": {"name": "Ripple", "symbol": "XRP", "api": "CryptoCompare", "coin_marketcap_id": 0, "indices": [4]}}, {"model": "altdex.coin", "pk": 101, "fields": {"name": "Bitcoin Cash", "symbol": "BCH", "api": "CryptoCompare", "coin_marketcap_id": 0, "indices": [4]}}, {"model": "altdex.coin", "pk": 102, "fields": {"name": "EOS", "symbol": "EOS", "api": "CryptoCompare", "coin_marketcap_id": 0, "indices": [4]}}, {"model": "altdex.coin", "pk": 103, "fields": {"name": "Litecoin", "symbol": "LTC", "api": "CryptoCompare", "coin_marketcap_id": 0, "indices": [4]}}, {"model": "altdex.coin", "pk": 104, "fields": {"name": "Cardano", "symbol": "ADA", "api": "CryptoCompare", "coin_marketcap_id": 0, "indices": [4]}}, {"model": "altdex.coin", "pk": 105, "fields": {"name": "Stellar", "symbol": "XLM", "api": "CryptoCompare", "coin_marketcap_id": 0, "indices": [4]}}, {"model": "altdex.coin", "pk": 106, "fields": {"name": "IOTA", "symbol": "MIOTA", "api": "CMC", "coin_marketcap_id": 1720, "indices": [4]}}, {"model": "altdex.coin", "pk": 107, "fields": {"name": "TRON", "symbol": "TRX", "api": "CryptoCompare", "coin_marketcap_id": 0, "indices": [4]}}, {"model": "altdex.coin", "pk": 108, "fields": {"name": "NEO", "symbol": "NEO", "api": "CryptoCompare", "coin_marketcap_id": 0, "indices": [4]}}, {"model": "altdex.coin", "pk": 109, "fields": {"name": "Dash", "symbol": "DASH", "api": "CryptoCompare", "coin_marketcap_id": 0, "indices": [4]}}, {"model": "altdex.coin", "pk": 110, "fields": {"name": "Monero", "symbol": "XMR", "api": "CryptoCompare", "coin_marketcap_id": 0, "indices": [4]}}, {"model": "altdex.coin", "pk": 111, "fields": {"name": "NEM", "symbol": "XEM", "api": "CryptoCompare", "coin_marketcap_id": 0, "indices": [4]}}, {"model": "altdex.coin", "pk": 112, "fields": {"name": "VeChain", "symbol": "VEN", "api": "CryptoCompare", "coin_marketcap_id": 0, "indices": [4]}}, {"model": "altdex.coin", "pk": 113, "fields": {"name": "Bytecoin", "symbol": "BCN", "api": "CryptoCompare", "coin_marketcap_id": 0, "indices": [4]}}, {"model": "altdex.coin", "pk": 114, "fields": {"name": "Ethereum Classic", "symbol": "ETC", "api": "CryptoCompare", "coin_marketcap_id": 0, "indices": [4]}}, {"model": "altdex.coin", "pk": 115, "fields": {"name": "Qtum", "symbol": "QTUM", "api": "CryptoCompare", "coin_marketcap_id": 0, "indices": [4]}}, {"model": "altdex.coin", "pk": 116, "fields": {"name": "ICON", "symbol": "ICX", "api": "CryptoCompare", "coin_marketcap_id": 0, "indices": [4]}}, {"model": "altdex.coin", "pk": 117, "fields": {"name": "Binance Coin", "symbol": "BNB", "api": "CryptoCompare", "coin_marketcap_id": 0, "indices": [4]}}, {"model": "altdex.coin", "pk": 118, "fields": {"name": "OmiseGO", "symbol": "OMG", "api": "CMC", "coin_marketcap_id": 1808, "indices": [4]}}, {"model": "altdex.coin", "pk": 119, "fields": {"name": "Zcash", "symbol": "ZEC", "api": "CryptoCompare", "coin_marketcap_id": 0, "indices": [4]}}, {"model": "altdex.coin", "pk": 120, "fields": {"name": "Zilliqa", "symbol": "ZIL", "api": "CryptoCompare", "coin_marketcap_id": 0, "indices": [4]}}, {"model": "altdex.coin", "pk": 121, "fields": {"name": "Lisk", "symbol": "LSK", "api": "CryptoCompare", "coin_marketcap_id": 0, "indices": [4]}}, {"model": "altdex.coin", "pk": 122, "fields": {"name": "Bitcoin Gold", "symbol": "BTG", "api": "CryptoCompare", "coin_marketcap_id": 0, "indices": [4]}}, {"model": "altdex.coin", "pk": 123, "fields": {"name": "Aeternity", "symbol": "AE", "api": "CryptoCompare", "coin_marketcap_id": 0, "indices": [4]}}, {"model": "altdex.coin", "pk": 124, "fields": {"name": "Verge", "symbol": "XVG", "api": "CryptoCompare", "coin_marketcap_id": 0, "indices": [4]}}, {"model": "altdex.coin", "pk": 125, "fields": {"name": "Ontology", "symbol": "ONT", "api": "CMC", "coin_marketcap_id": 2566, "indices": [4]}}, {"model": "altdex.coin", "pk": 126, "fields": {"name": "Nano", "symbol": "NANO", "api": "CMC", "coin_marketcap_id": 1567, "indices": [4]}}, {"model": "altdex.coin", "pk": 127, "fields": {"name": "0x", "symbol": "ZRX", "api": "CryptoCompare", "coin_marketcap_id": 0, "indices": [4]}}, {"model": "altdex.coin", "pk": 128, "fields": {"name": "Steem", "symbol": "STEEM", "api": "CryptoCompare", "coin_marketcap_id": 0, "indices": [4]}}, {"model": "altdex.coin", "pk": 129, "fields": {"name": "Wanchain", "symbol": "WAN", "api": "CMC", "coin_marketcap_id": 2606, "indices": [4]}}, {"model": "altdex.coin", "pk": 130, "fields": {"name": "Siacoin", "symbol": "SC", "api": "CryptoCompare", "coin_marketcap_id": 0, "indices": [4]}}, {"model": "altdex.coin", "pk": 131, "fields": {"name": "Decred", "symbol": "DCR", "api": "CryptoCompare", "coin_marketcap_id": 0, "indices": [4]}}, {"model": "altdex.coin", "pk": 132, "fields": {"name": "Bytom", "symbol": "BTM", "api": "CryptoCompare", "coin_marketcap_id": 0, "indices": [4]}}, {"model": "altdex.coin", "pk": 133, "fields": {"name": "Waves", "symbol": "WAVES", "api": "CryptoCompare", "coin_marketcap_id": 0, "indices": [4]}}, {"model": "altdex.coin", "pk": 134, "fields": {"name": "BitShares", "symbol": "BTS", "api": "CryptoCompare", "coin_marketcap_id": 0, "indices": [4]}}, {"model": "altdex.coin", "pk": 135, "fields": {"name": "Stratis", "symbol": "STRAT", "api": "CMC", "coin_marketcap_id": 1343, "indices": [4]}}, {"model": "altdex.coin", "pk": 136, "fields": {"name": "RChain", "symbol": "RHOC", "api": "CryptoCompare", "coin_marketcap_id": 0, "indices": [4]}}, {"model": "altdex.coin", "pk": 137, "fields": {"name": "Populous", "symbol": "PPT", "api": "CryptoCompare", "coin_marketcap_id": 0, "indices": [4]}}, {"model": "altdex.coin", "pk": 138, "fields": {"name": "Augur", "symbol": "REP", "api": "CryptoCompare", "coin_marketcap_id": 0, "indices": [4]}}, {"model": "altdex.coin", "pk": 139, "fields": {"name": "Golem", "symbol": "GNT", "api": "CryptoCompare", "coin_marketcap_id": 0, "indices": [4]}}, {"model": "altdex.coin", "pk": 140, "fields": {"name": "IOStoken", "symbol": "IOST", "api": "CryptoCompare", "coin_marketcap_id": 0, "indices": [4]}}, {"model": "altdex.coin", "pk": 141, "fields": {"name": "DigiByte", "symbol": "DGB", "api": "CryptoCompare", "coin_marketcap_id": 0, "indices": [4]}}, {"model": "altdex.coin", "pk": 142, "fields": {"name": "Status", "symbol": "SNT", "api": "CryptoCompare", "coin_marketcap_id": 0, "indices": [4]}}, {"model": "altdex.coin", "pk": 143, "fields": {"name": "Aion", "symbol": "AION", "api": "CMC", "coin_marketcap_id": 2062, "indices": [4]}}, {"model": "altdex.coin", "pk": 144, "fields": {"name": "Hshare", "symbol": "HSR", "api": "CryptoCompare", "coin_marketcap_id": 0, "indices": [4]}}, {"model": "altdex.coin", "pk": 145, "fields": {"name": "Waltonchain", "symbol": "WTC", "api": "CryptoCompare", "coin_marketcap_id": 0, "indices": [4]}}, {"model": "altdex.coin", "pk": 146, "fields": {"name": "Basic Attenti...", "symbol": "BAT", "api": "CryptoCompare", "coin_marketcap_id": 0, "indices": [4]}}, {"model": "altdex.coin", "pk": 147, "fields": {"name": "BAT", "symbol": "DGD", "api": "CryptoCompare", "coin_marketcap_id": 0, "indices": [4]}}, {"model": "altdex.coin", "pk": 148, "fields": {"name": "Loopring", "symbol": "LRC", "api": "CryptoCompare", "coin_marketcap_id": 0, "indices": [4]}}, {"model": "altdex.coin", "pk": 149, "fields": {"name": "Ark", "symbol": "ARK", "api": "CryptoCompare", "coin_marketcap_id": 0, "indices": [4]}}, {"model": "altdex.coin", "pk": 150, "fields": {"name": "Nebulas", "symbol": "NAS", "api": "CryptoCompare", "coin_marketcap_id": 0, "indices": [4]}}, {"model": "altdex.coin", "pk": 151, "fields": {"name": "Mithril", "symbol": "MITH", "api": "CryptoCompare", "coin_marketcap_id": 0, "indices": [4]}}, {"model": "altdex.coin", "pk": 152, "fields": {"name": "aelf", "symbol": "ELF", "api": "CryptoCompare", "coin_marketcap_id": 0, "indices": [4]}}, {"model": "altdex.coin", "pk": 153, "fields": {"name": "Dentacoin", "symbol": "DCN", "api": "CryptoCompare", "coin_marketcap_id": 0, "indices": [4]}}, {"model": "altdex.coin", "pk": 154, "fields": {"name": "Komodo", "symbol": "KMD", "api": "CryptoCompare", "coin_marketcap_id": 0, "indices": [4]}}, {"model": "altdex.coin", "pk": 155, "fields": {"name": "Ardor", "symbol": "ARDR", "api": "CryptoCompare", "coin_marketcap_id": 0, "indices": [4]}}, {"model": "altdex.coin", "pk": 156, "fields": {"name": "Polymath", "symbol": "POLY", "api": "CMC", "coin_marketcap_id": 2496, "indices": [4]}}, {"model": "altdex.coin", "pk": 157, "fields": {"name": "PIVX", "symbol": "PIVX", "api": "CryptoCompare", "coin_marketcap_id": 0, "indices": [4]}}, {"model": "altdex.coin", "pk": 158, "fields": {"name": "Loom Network", "symbol": "LOOM", "api": "CryptoCompare", "coin_marketcap_id": 2588, "indices": [4]}}, {"model": "altdex.coin", "pk": 159, "fields": {"name": "Kyber Network", "symbol": "KNC", "api": "CryptoCompare", "coin_marketcap_id": 1982, "indices": [4]}}, {"model": "altdex.coin", "pk": 160, "fields": {"name": "WaykiChain", "symbol": "WICC", "api": "CMC", "coin_marketcap_id": 2346, "indices": [4]}}, {"model": "altdex.coin", "pk": 161, "fields": {"name": "KuCoin Shares", "symbol": "KCS", "api": "CryptoCompare", "coin_marketcap_id": 2087, "indices": [4]}}, {"model": "altdex.coin", "pk": 162, "fields": {"name": "Fusion", "symbol": "FSN", "api": "CMC", "coin_marketcap_id": 2530, "indices": [4]}}, {"model": "altdex.coin", "pk": 163, "fields": {"name": "Cryptonex", "symbol": "CNX", "api": "CryptoCompare", "coin_marketcap_id": 0, "indices": [4]}}, {"model": "altdex.coin", "pk": 164, "fields": {"name": "Elastos", "symbol": "ELA", "api": "CMC", "coin_marketcap_id": 2492, "indices": [4]}}, {"model": "altdex.coin", "pk": 165, "fields": {"name": "Ethos", "symbol": "ETHOS", "api": "CMC", "coin_marketcap_id": 1817, "indices": [4]}}, {"model": "altdex.coin", "pk": 166, "fields": {"name": "ReddCoin", "symbol": "RDD", "api": "CMC", "coin_marketcap_id": 118, "indices": [4]}}, {"model": "altdex.coin", "pk": 167, "fields": {"name": "Bancor", "symbol": "BNT", "api": "CryptoCompare", "coin_marketcap_id": 0, "indices": [4]}}, {"model": "altdex.coin", "pk": 168, "fields": {"name": "Cortex", "symbol": "CTXC", "api": "CryptoCompare", "coin_marketcap_id": 0, "indices": [4]}}, {"model": "altdex.coin", "pk": 169, "fields": {"name": "Substratum", "symbol": "SUB", "api": "CryptoCompare", "coin_marketcap_id": 0, "indices": [4]}}, {"model": "altdex.coin", "pk": 170, "fields": {"name": "MonaCoin", "symbol": "MONA", "api": "CryptoCompare", "coin_marketcap_id": 0, "indices": [4]}}, {"model": "altdex.coin", "pk": 171, "fields": {"name": "Kin", "symbol": "KIN", "api": "CryptoCompare", "coin_marketcap_id": 0, "indices": [4]}}, {"model": "altdex.coin", "pk": 172, "fields": {"name": "FunFair", "symbol": "FUN", "api": "CryptoCompare", "coin_marketcap_id": 0, "indices": [4]}}, {"model": "altdex.coin", "pk": 173, "fields": {"name": "GXChain", "symbol": "GXS", "api": "CryptoCompare", "coin_marketcap_id": 0, "indices": [4]}}, {"model": "altdex.coin", "pk": 174, "fields": {"name": "Enigma", "symbol": "ENG", "api": "CryptoCompare", "coin_marketcap_id": 0, "indices": [4]}}, {"model": "altdex.coin", "pk": 175, "fields": {"name": "Skycoin", "symbol": "SKY", "api": "CryptoCompare", "coin_marketcap_id": 0, "indices": [4]}}, {"model": "altdex.coin", "pk": 176, "fields": {"name": "Centrality", "symbol": "CENNZ", "api": "CMC", "coin_marketcap_id": 2585, "indices": [4]}}, {"model": "altdex.coin", "pk": 177, "fields": {"name": "QASH", "symbol": "QASH", "api": "CryptoCompare", "coin_marketcap_id": 0, "indices": [4]}}, {"model": "altdex.coin", "pk": 178, "fields": {"name": "Syscoin", "symbol": "SYS", "api": "CryptoCompare", "coin_marketcap_id": 0, "indices": [4]}}, {"model": "altdex.coin", "pk": 179, "fields": {"name": "Nuls", "symbol": "NULS", "api": "CryptoCompare", "coin_marketcap_id": 0, "indices": [4]}}, {"model": "altdex.coin", "pk": 180, "fields": {"name": "CyberMiles", "symbol": "CMT", "api": "CryptoCompare", "coin_marketcap_id": 0, "indices": [4]}}, {"model": "altdex.coin", "pk": 181, "fields": {"name": "Dragonchain", "symbol": "DRGN", "api": "CryptoCompare", "coin_marketcap_id": 0, "indices": [4]}}, {"model": "altdex.coin", "pk": 182, "fields": {"name": "Huobi Token", "symbol": "HT", "api": "CryptoCompare", "coin_marketcap_id": 0, "indices": [4]}}, {"model": "altdex.coin", "pk": 183, "fields": {"name": "Huobi Token", "symbol": "HT", "api": "CryptoCompare", "coin_marketcap_id": 0, "indices": [4]}}, {"model": "altdex.coin", "pk": 184, "fields": {"name": "SALT", "symbol": "SALT", "api": "CryptoCompare", "coin_marketcap_id": 0, "indices": [4]}}, {"model": "altdex.coin", "pk": 185, "fields": {"name": "Matrix AI Network", "symbol": "MAN", "api": "CMC", "coin_marketcap_id": 2474, "indices": [4]}}, {"model": "altdex.coin", "pk": 186, "fields": {"name": "Storm", "symbol": "STORM", "api": "CryptoCompare", "coin_marketcap_id": 0, "indices": [4]}}, {"model": "altdex.coin", "pk": 187, "fields": {"name": "ZCoin", "symbol": "XZC", "api": "CryptoCompare", "coin_marketcap_id": 0, "indices": [4]}}, {"model": "altdex.coin", "pk": 188, "fields": {"name": "Veritaseum", "symbol": "VERI", "api": "CryptoCompare", "coin_marketcap_id": 0, "indices": [4]}}, {"model": "altdex.coin", "pk": 189, "fields": {"name": "Nxt", "symbol": "NXT", "api": "CryptoCompare", "coin_marketcap_id": 0, "indices": [4]}}, {"model": "altdex.coin", "pk": 190, "fields": {"name": "MaidSafeCoin", "symbol": "MAID", "api": "CryptoCompare", "coin_marketcap_id": 0, "indices": [4]}}, {"model": "altdex.coin", "pk": 191, "fields": {"name": "WAX", "symbol": "WAX", "api": "CryptoCompare", "coin_marketcap_id": 0, "indices": [4]}}, {"model": "altdex.coin", "pk": 192, "fields": {"name": "Factom", "symbol": "FCT", "api": "CryptoCompare", "coin_marketcap_id": 0, "indices": [4]}}, {"model": "altdex.coin", "pk": 193, "fields": {"name": "Monaco", "symbol": "MCO", "api": "CMC", "coin_marketcap_id": 1776, "indices": [4]}}, {"model": "altdex.coin", "pk": 194, "fields": {"name": "Power Ledger", "symbol": "POWR", "api": "CryptoCompare", "coin_marketcap_id": 0, "indices": [4]}}, {"model": "altdex.coin", "pk": 195, "fields": {"name": "ChainLink", "symbol": "LINK", "api": "CryptoCompare", "coin_marketcap_id": 0, "indices": [4]}}, {"model": "altdex.coin", "pk": 196, "fields": {"name": "Neblio", "symbol": "NEBL", "api": "CryptoCompare", "coin_marketcap_id": 0, "indices": [4]}}, {"model": "altdex.coin", "pk": 197, "fields": {"name": "Electroneum", "symbol": "ETN", "api": "CryptoCompare", "coin_marketcap_id": 0, "indices": [4]}}, {"model": "altdex.coin", "pk": 198, "fields": {"name": "Revain", "symbol": "R", "api": "CryptoCompare", "coin_marketcap_id": 0, "indices": [4]}}, {"model": "altdex.indexprice", "pk": 2818, "fields": {"index": 4, "price": "412854351940.00", "price_percent_change": "0E-25", "market_cap": "412854351940.0000000000000000000000000", "timestamp": "2018-05-15T05:25:36.136Z", "divisor": "1.0000000000000000000000000"}}, {"model": "altdex.indexprice", "pk": 2819, "fields": {"index": 4, "price": "421407175750.00", "price_percent_change": "0E-25", "market_cap": "421407175750.0000000000000000000000000", "timestamp": "2018-05-15T05:50:10.414Z", "divisor": "1.0000000000000000000000000"}}, {"model": "altdex.indexprice", "pk": 2820, "fields": {"index": 4, "price": "421417845450.00", "price_percent_change": "0E-25", "market_cap": "421417845450.0000000000000000000000000", "timestamp": "2018-05-15T05:59:30.152Z", "divisor": "4214178454.5000000000000000000000000"}}, {"model": "altdex.indexprice", "pk": 2821, "fields": {"index": 4, "price": "423648048646.00", "price_percent_change": "0E-25", "market_cap": "423648048646.0000000000000000000000000", "timestamp": "2018-05-15T06:14:20.372Z", "divisor": "1.0000000000000000000000000"}}, {"model": "altdex.indexprice", "pk": 2822, "fields": {"index": 4, "price": "100.55", "price_percent_change": "0E-25", "market_cap": "423723020487.0000000000000000000000000", "timestamp": "2018-05-15T06:20:20.810Z", "divisor": "4214178454.5000000000000000000000000"}}]